[{"model": "auth.permission", "pk": 1, "fields": {"name": "Can add log entry", "content_type": 1, "codename": "add_logentry"}}, {"model": "auth.permission", "pk": 2, "fields": {"name": "Can change log entry", "content_type": 1, "codename": "change_logentry"}}, {"model": "auth.permission", "pk": 3, "fields": {"name": "Can delete log entry", "content_type": 1, "codename": "delete_logentry"}}, {"model": "auth.permission", "pk": 4, "fields": {"name": "Can view log entry", "content_type": 1, "codename": "view_logentry"}}, {"model": "auth.permission", "pk": 5, "fields": {"name": "Can add permission", "content_type": 2, "codename": "add_permission"}}, {"model": "auth.permission", "pk": 6, "fields": {"name": "Can change permission", "content_type": 2, "codename": "change_permission"}}, {"model": "auth.permission", "pk": 7, "fields": {"name": "Can delete permission", "content_type": 2, "codename": "delete_permission"}}, {"model": "auth.permission", "pk": 8, "fields": {"name": "Can view permission", "content_type": 2, "codename": "view_permission"}}, {"model": "auth.permission", "pk": 9, "fields": {"name": "Can add group", "content_type": 3, "codename": "add_group"}}, {"model": "auth.permission", "pk": 10, "fields": {"name": "Can change group", "content_type": 3, "codename": "change_group"}}, {"model": "auth.permission", "pk": 11, "fields": {"name": "Can delete group", "content_type": 3, "codename": "delete_group"}}, {"model": "auth.permission", "pk": 12, "fields": {"name": "Can view group", "content_type": 3, "codename": "view_group"}}, {"model": "auth.permission", "pk": 13, "fields": {"name": "Can add content type", "content_type": 4, "codename": "add_contenttype"}}, {"model": "auth.permission", "pk": 14, "fields": {"name": "Can change content type", "content_type": 4, "codename": "change_contenttype"}}, {"model": "auth.permission", "pk": 15, "fields": {"name": "Can delete content type", "content_type": 4, "codename": "delete_contenttype"}}, {"model": "auth.permission", "pk": 16, "fields": {"name": "Can view content type", "content_type": 4, "codename": "view_contenttype"}}, {"model": "auth.permission", "pk": 17, "fields": {"name": "Can add session", "content_type": 5, "codename": "add_session"}}, {"model": "auth.permission", "pk": 18, "fields": {"name": "Can change session", "content_type": 5, "codename": "change_session"}}, {"model": "auth.permission", "pk": 19, "fields": {"name": "Can delete session", "content_type": 5, "codename": "delete_session"}}, {"model": "auth.permission", "pk": 20, "fields": {"name": "Can view session", "content_type": 5, "codename": "view_session"}}, {"model": "auth.permission", "pk": 21, "fields": {"name": "Can add admin", "content_type": 6, "codename": "add_admin"}}, {"model": "auth.permission", "pk": 22, "fields": {"name": "Can change admin", "content_type": 6, "codename": "change_admin"}}, {"model": "auth.permission", "pk": 23, "fields": {"name": "Can delete admin", "content_type": 6, "codename": "delete_admin"}}, {"model": "auth.permission", "pk": 24, "fields": {"name": "Can view admin", "content_type": 6, "codename": "view_admin"}}, {"model": "auth.permission", "pk": 25, "fields": {"name": "Can add feed back asset2 user", "content_type": 7, "codename": "add_feedbackasset2user"}}, {"model": "auth.permission", "pk": 26, "fields": {"name": "Can change feed back asset2 user", "content_type": 7, "codename": "change_feedbackasset2user"}}, {"model": "auth.permission", "pk": 27, "fields": {"name": "Can delete feed back asset2 user", "content_type": 7, "codename": "delete_feedbackasset2user"}}, {"model": "auth.permission", "pk": 28, "fields": {"name": "Can view feed back asset2 user", "content_type": 7, "codename": "view_feedbackasset2user"}}, {"model": "auth.permission", "pk": 29, "fields": {"name": "Can add feed back asset2 after sell", "content_type": 8, "codename": "add_feedbackasset2aftersell"}}, {"model": "auth.permission", "pk": 30, "fields": {"name": "Can change feed back asset2 after sell", "content_type": 8, "codename": "change_feedbackasset2aftersell"}}, {"model": "auth.permission", "pk": 31, "fields": {"name": "Can delete feed back asset2 after sell", "content_type": 8, "codename": "delete_feedbackasset2aftersell"}}, {"model": "auth.permission", "pk": 32, "fields": {"name": "Can view feed back asset2 after sell", "content_type": 8, "codename": "view_feedbackasset2aftersell"}}, {"model": "auth.permission", "pk": 33, "fields": {"name": "Can add mane regulation", "content_type": 9, "codename": "add_maneregulation"}}, {"model": "auth.permission", "pk": 34, "fields": {"name": "Can change mane regulation", "content_type": 9, "codename": "change_maneregulation"}}, {"model": "auth.permission", "pk": 35, "fields": {"name": "Can delete mane regulation", "content_type": 9, "codename": "delete_maneregulation"}}, {"model": "auth.permission", "pk": 36, "fields": {"name": "Can view mane regulation", "content_type": 9, "codename": "view_maneregulation"}}, {"model": "auth.permission", "pk": 37, "fields": {"name": "Can add enterprise sell order", "content_type": 10, "codename": "add_enterprisesellorder"}}, {"model": "auth.permission", "pk": 38, "fields": {"name": "Can change enterprise sell order", "content_type": 10, "codename": "change_enterprisesellorder"}}, {"model": "auth.permission", "pk": 39, "fields": {"name": "Can delete enterprise sell order", "content_type": 10, "codename": "delete_enterprisesellorder"}}, {"model": "auth.permission", "pk": 40, "fields": {"name": "Can view enterprise sell order", "content_type": 10, "codename": "view_enterprisesellorder"}}, {"model": "auth.permission", "pk": 41, "fields": {"name": "Can add enterprise buy order", "content_type": 11, "codename": "add_enterprisebuyorder"}}, {"model": "auth.permission", "pk": 42, "fields": {"name": "Can change enterprise buy order", "content_type": 11, "codename": "change_enterprisebuyorder"}}, {"model": "auth.permission", "pk": 43, "fields": {"name": "Can delete enterprise buy order", "content_type": 11, "codename": "delete_enterprisebuyorder"}}, {"model": "auth.permission", "pk": 44, "fields": {"name": "Can view enterprise buy order", "content_type": 11, "codename": "view_enterprisebuyorder"}}, {"model": "auth.permission", "pk": 45, "fields": {"name": "Can add message", "content_type": 12, "codename": "add_message"}}, {"model": "auth.permission", "pk": 46, "fields": {"name": "Can change message", "content_type": 12, "codename": "change_message"}}, {"model": "auth.permission", "pk": 47, "fields": {"name": "Can delete message", "content_type": 12, "codename": "delete_message"}}, {"model": "auth.permission", "pk": 48, "fields": {"name": "Can view message", "content_type": 12, "codename": "view_message"}}, {"model": "auth.permission", "pk": 49, "fields": {"name": "Can add warehouse", "content_type": 13, "codename": "add_warehouse"}}, {"model": "auth.permission", "pk": 50, "fields": {"name": "Can change warehouse", "content_type": 13, "codename": "change_warehouse"}}, {"model": "auth.permission", "pk": 51, "fields": {"name": "Can delete warehouse", "content_type": 13, "codename": "delete_warehouse"}}, {"model": "auth.permission", "pk": 52, "fields": {"name": "Can view warehouse", "content_type": 13, "codename": "view_warehouse"}}, {"model": "auth.permission", "pk": 53, "fields": {"name": "Can add bookcase", "content_type": 14, "codename": "add_bookcase"}}, {"model": "auth.permission", "pk": 54, "fields": {"name": "Can change bookcase", "content_type": 14, "codename": "change_bookcase"}}, {"model": "auth.permission", "pk": 55, "fields": {"name": "Can delete bookcase", "content_type": 14, "codename": "delete_bookcase"}}, {"model": "auth.permission", "pk": 56, "fields": {"name": "Can view bookcase", "content_type": 14, "codename": "view_bookcase"}}, {"model": "auth.permission", "pk": 57, "fields": {"name": "Can add book", "content_type": 15, "codename": "add_book"}}, {"model": "auth.permission", "pk": 58, "fields": {"name": "Can change book", "content_type": 15, "codename": "change_book"}}, {"model": "auth.permission", "pk": 59, "fields": {"name": "Can delete book", "content_type": 15, "codename": "delete_book"}}, {"model": "auth.permission", "pk": 60, "fields": {"name": "Can view book", "content_type": 15, "codename": "view_book"}}, {"model": "auth.permission", "pk": 61, "fields": {"name": "Can add cart", "content_type": 16, "codename": "add_cart"}}, {"model": "auth.permission", "pk": 62, "fields": {"name": "Can change cart", "content_type": 16, "codename": "change_cart"}}, {"model": "auth.permission", "pk": 63, "fields": {"name": "Can delete cart", "content_type": 16, "codename": "delete_cart"}}, {"model": "auth.permission", "pk": 64, "fields": {"name": "Can view cart", "content_type": 16, "codename": "view_cart"}}, {"model": "auth.permission", "pk": 65, "fields": {"name": "Can add orders s", "content_type": 17, "codename": "add_orderss"}}, {"model": "auth.permission", "pk": 66, "fields": {"name": "Can change orders s", "content_type": 17, "codename": "change_orderss"}}, {"model": "auth.permission", "pk": 67, "fields": {"name": "Can delete orders s", "content_type": 17, "codename": "delete_orderss"}}, {"model": "auth.permission", "pk": 68, "fields": {"name": "Can view orders s", "content_type": 17, "codename": "view_orderss"}}, {"model": "auth.permission", "pk": 69, "fields": {"name": "Can add orders b", "content_type": 18, "codename": "add_ordersb"}}, {"model": "auth.permission", "pk": 70, "fields": {"name": "Can change orders b", "content_type": 18, "codename": "change_ordersb"}}, {"model": "auth.permission", "pk": 71, "fields": {"name": "Can delete orders b", "content_type": 18, "codename": "delete_ordersb"}}, {"model": "auth.permission", "pk": 72, "fields": {"name": "Can view orders b", "content_type": 18, "codename": "view_ordersb"}}, {"model": "auth.permission", "pk": 73, "fields": {"name": "Can add user", "content_type": 19, "codename": "add_user"}}, {"model": "auth.permission", "pk": 74, "fields": {"name": "Can change user", "content_type": 19, "codename": "change_user"}}, {"model": "auth.permission", "pk": 75, "fields": {"name": "Can delete user", "content_type": 19, "codename": "delete_user"}}, {"model": "auth.permission", "pk": 76, "fields": {"name": "Can view user", "content_type": 19, "codename": "view_user"}}, {"model": "auth.permission", "pk": 77, "fields": {"name": "Can add user address", "content_type": 20, "codename": "add_useraddress"}}, {"model": "auth.permission", "pk": 78, "fields": {"name": "Can change user address", "content_type": 20, "codename": "change_useraddress"}}, {"model": "auth.permission", "pk": 79, "fields": {"name": "Can delete user address", "content_type": 20, "codename": "delete_useraddress"}}, {"model": "auth.permission", "pk": 80, "fields": {"name": "Can view user address", "content_type": 20, "codename": "view_useraddress"}}, {"model": "auth.permission", "pk": 81, "fields": {"name": "Can add Token", "content_type": 21, "codename": "add_token"}}, {"model": "auth.permission", "pk": 82, "fields": {"name": "Can change Token", "content_type": 21, "codename": "change_token"}}, {"model": "auth.permission", "pk": 83, "fields": {"name": "Can delete Token", "content_type": 21, "codename": "delete_token"}}, {"model": "auth.permission", "pk": 84, "fields": {"name": "Can view Token", "content_type": 21, "codename": "view_token"}}, {"model": "auth.permission", "pk": 85, "fields": {"name": "Can add token", "content_type": 22, "codename": "add_tokenproxy"}}, {"model": "auth.permission", "pk": 86, "fields": {"name": "Can change token", "content_type": 22, "codename": "change_tokenproxy"}}, {"model": "auth.permission", "pk": 87, "fields": {"name": "Can delete token", "content_type": 22, "codename": "delete_tokenproxy"}}, {"model": "auth.permission", "pk": 88, "fields": {"name": "Can view token", "content_type": 22, "codename": "view_tokenproxy"}}, {"model": "contenttypes.contenttype", "pk": 1, "fields": {"app_label": "admin", "model": "logentry"}}, {"model": "contenttypes.contenttype", "pk": 2, "fields": {"app_label": "auth", "model": "permission"}}, {"model": "contenttypes.contenttype", "pk": 3, "fields": {"app_label": "auth", "model": "group"}}, {"model": "contenttypes.contenttype", "pk": 4, "fields": {"app_label": "contenttypes", "model": "contenttype"}}, {"model": "contenttypes.contenttype", "pk": 5, "fields": {"app_label": "sessions", "model": "session"}}, {"model": "contenttypes.contenttype", "pk": 6, "fields": {"app_label": "admni", "model": "admin"}}, {"model": "contenttypes.contenttype", "pk": 7, "fields": {"app_label": "admni", "model": "feedbackasset2user"}}, {"model": "contenttypes.contenttype", "pk": 8, "fields": {"app_label": "admni", "model": "feedbackasset2aftersell"}}, {"model": "contenttypes.contenttype", "pk": 9, "fields": {"app_label": "flow", "model": "maneregulation"}}, {"model": "contenttypes.contenttype", "pk": 10, "fields": {"app_label": "flow", "model": "enterprisesellorder"}}, {"model": "contenttypes.contenttype", "pk": 11, "fields": {"app_label": "flow", "model": "enterprisebuyorder"}}, {"model": "contenttypes.contenttype", "pk": 12, "fields": {"app_label": "message", "model": "message"}}, {"model": "contenttypes.contenttype", "pk": 13, "fields": {"app_label": "sale", "model": "warehouse"}}, {"model": "contenttypes.contenttype", "pk": 14, "fields": {"app_label": "sale", "model": "bookcase"}}, {"model": "contenttypes.contenttype", "pk": 15, "fields": {"app_label": "shop", "model": "book"}}, {"model": "contenttypes.contenttype", "pk": 16, "fields": {"app_label": "shop", "model": "cart"}}, {"model": "contenttypes.contenttype", "pk": 17, "fields": {"app_label": "transaction", "model": "orderss"}}, {"model": "contenttypes.contenttype", "pk": 18, "fields": {"app_label": "transaction", "model": "ordersb"}}, {"model": "contenttypes.contenttype", "pk": 19, "fields": {"app_label": "user", "model": "user"}}, {"model": "contenttypes.contenttype", "pk": 20, "fields": {"app_label": "user", "model": "useraddress"}}, {"model": "contenttypes.contenttype", "pk": 21, "fields": {"app_label": "authtoken", "model": "token"}}, {"model": "contenttypes.contenttype", "pk": 22, "fields": {"app_label": "authtoken", "model": "tokenproxy"}}