{
  "id": "3641732",
  "name": "weather",
  "font_family": "iconfont",
  "css_prefix_text": "icon-",
  "description": "",
  "glyphs": [
    {
      "icon_id": "28557556",
      "name": "阴",
      "font_class": "yin",
      "unicode": "e6a0",
      "unicode_decimal": 59040
    },
    {
      "icon_id": "28557770",
      "name": "大暴雨",
      "font_class": "dabaoyu",
      "unicode": "e6a7",
      "unicode_decimal": 59047
    },
    {
      "icon_id": "7724796",
      "name": "刷新",
      "font_class": "shuaxin1",
      "unicode": "e627",
      "unicode_decimal": 58919
    },
    {
      "icon_id": "6999224",
      "name": "刷新",
      "font_class": "shuaxin",
      "unicode": "e629",
      "unicode_decimal": 58921
    },
    {
      "icon_id": "31772217",
      "name": "多云-2-copy",
      "font_class": "duoyun-2-copy",
      "unicode": "e68d",
      "unicode_decimal": 59021
    },
    {
      "icon_id": "29265274",
      "name": "多云-1",
      "font_class": "duoyun-1",
      "unicode": "e679",
      "unicode_decimal": 59001
    },
    {
      "icon_id": "29265275",
      "name": "大雪",
      "font_class": "daxue",
      "unicode": "e67a",
      "unicode_decimal": 59002
    },
    {
      "icon_id": "29265276",
      "name": "大雨",
      "font_class": "dayu",
      "unicode": "e67b",
      "unicode_decimal": 59003
    },
    {
      "icon_id": "29265277",
      "name": "风",
      "font_class": "feng",
      "unicode": "e67c",
      "unicode_decimal": 59004
    },
    {
      "icon_id": "29265278",
      "name": "多云-3",
      "font_class": "duoyun-3",
      "unicode": "e67d",
      "unicode_decimal": 59005
    },
    {
      "icon_id": "29265279",
      "name": "多云-2",
      "font_class": "duoyun-2",
      "unicode": "e67e",
      "unicode_decimal": 59006
    },
    {
      "icon_id": "29265280",
      "name": "雷雨交加",
      "font_class": "leiyujiaojia",
      "unicode": "e67f",
      "unicode_decimal": 59007
    },
    {
      "icon_id": "29265281",
      "name": "多云",
      "font_class": "duoyun",
      "unicode": "e680",
      "unicode_decimal": 59008
    },
    {
      "icon_id": "29265282",
      "name": "中雨",
      "font_class": "zhongyu",
      "unicode": "e681",
      "unicode_decimal": 59009
    },
    {
      "icon_id": "29265283",
      "name": "雾",
      "font_class": "wu",
      "unicode": "e682",
      "unicode_decimal": 59010
    },
    {
      "icon_id": "29265284",
      "name": "小雨",
      "font_class": "xiaoyu",
      "unicode": "e683",
      "unicode_decimal": 59011
    },
    {
      "icon_id": "29265285",
      "name": "小雪",
      "font_class": "xiaoxue",
      "unicode": "e684",
      "unicode_decimal": 59012
    },
    {
      "icon_id": "29265286",
      "name": "闪电",
      "font_class": "shandian",
      "unicode": "e685",
      "unicode_decimal": 59013
    },
    {
      "icon_id": "29265287",
      "name": "雪",
      "font_class": "xue",
      "unicode": "e686",
      "unicode_decimal": 59014
    },
    {
      "icon_id": "29265288",
      "name": "中雪",
      "font_class": "zhongxue",
      "unicode": "e687",
      "unicode_decimal": 59015
    },
    {
      "icon_id": "29265289",
      "name": "扬尘",
      "font_class": "yangchen",
      "unicode": "e688",
      "unicode_decimal": 59016
    },
    {
      "icon_id": "29265290",
      "name": "月亮",
      "font_class": "yueliang",
      "unicode": "e689",
      "unicode_decimal": 59017
    },
    {
      "icon_id": "29265291",
      "name": "雨夹雪",
      "font_class": "yujiaxue",
      "unicode": "e68a",
      "unicode_decimal": 59018
    },
    {
      "icon_id": "29265292",
      "name": "晴",
      "font_class": "qing",
      "unicode": "e68b",
      "unicode_decimal": 59019
    },
    {
      "icon_id": "29265293",
      "name": "霾",
      "font_class": "mai",
      "unicode": "e68c",
      "unicode_decimal": 59020
    }
  ]
}
